{"lr": 0.0012435420887243402, "data_time": 0.009245872497558594, "loss": 1.129431426525116, "decode.loss_ce": 0.771712240576744, "decode.acc_seg": 80.82958984375, "aux.loss_ce": 0.3577191710472107, "aux.acc_seg": 77.42557525634766, "time": 0.3364462614059448, "step": 500}
{"lr": 0.0012370671687704899, "data_time": 0.01040198802947998, "loss": 1.045410192012787, "decode.loss_ce": 0.6854117214679718, "decode.acc_seg": 80.08358764648438, "aux.loss_ce": 0.3599984645843506, "aux.acc_seg": 77.14967346191406, "time": 0.3387583255767822, "step": 1000}
{"aAcc": 82.3, "mIoU": 20.51, "mAcc": 27.47, "step": 1000}
{"lr": 0.001230588149440164, "data_time": 0.01030876636505127, "loss": 0.8363364994525909, "decode.loss_ce": 0.5269337832927704, "decode.acc_seg": 87.38956451416016, "aux.loss_ce": 0.30940271317958834, "aux.acc_seg": 81.9726791381836, "time": 0.33870112895965576, "step": 1500}
{"lr": 0.0012241050020020809, "data_time": 0.010702896118164062, "loss": 0.8616272389888764, "decode.loss_ce": 0.5222446143627166, "decode.acc_seg": 80.54279327392578, "aux.loss_ce": 0.3393826112151146, "aux.acc_seg": 76.54097747802734, "time": 0.33878912925720217, "step": 2000}
{"aAcc": 82.44, "mIoU": 28.38, "mAcc": 38.99, "step": 2000}
{"lr": 0.0012176176973380567, "data_time": 0.009354376792907714, "loss": 0.77122283577919, "decode.loss_ce": 0.48128122091293335, "decode.acc_seg": 84.92788696289062, "aux.loss_ce": 0.28994161635637283, "aux.acc_seg": 76.99510192871094, "time": 0.3371811151504517, "step": 2500}
{"lr": 0.0012111262059352728, "data_time": 0.00935523509979248, "loss": 0.7054544568061829, "decode.loss_ce": 0.42650063037872316, "decode.acc_seg": 72.18931579589844, "aux.loss_ce": 0.2789538413286209, "aux.acc_seg": 62.223690032958984, "time": 0.3371976375579834, "step": 3000}
{"aAcc": 84.94, "mIoU": 37.34, "mAcc": 48.98, "step": 3000}
{"lr": 0.0012046304978783208, "data_time": 0.008885502815246582, "loss": 0.5622326344251632, "decode.loss_ce": 0.3146680355072021, "decode.acc_seg": 88.55876159667969, "aux.loss_ce": 0.24756460636854172, "aux.acc_seg": 79.9672622680664, "time": 0.3365196228027344, "step": 3500}
{"lr": 0.0011981305428410492, "data_time": 0.010524940490722657, "loss": 0.5705947428941727, "decode.loss_ce": 0.31423975974321366, "decode.acc_seg": 91.21297454833984, "aux.loss_ce": 0.2563549816608429, "aux.acc_seg": 84.88737487792969, "time": 0.33966023921966554, "step": 4000}
{"aAcc": 86.1, "mIoU": 45.92, "mAcc": 60.96, "step": 4000}
