{"lr": 0.009988973054603395, "data_time": 0.011285734176635743, "loss": 0.0840820437297225, "decode.loss_ce": 0.06040382087230682, "decode.acc_seg": 93.09041595458984, "aux.loss_ce": 0.02367822346277535, "aux.acc_seg": 93.09041595458984, "time": 0.33222963809967043, "step": 100}
{"lr": 0.009977833338763812, "data_time": 0.010731959342956543, "loss": 0.053333787340670825, "decode.loss_ce": 0.037276501301676035, "decode.acc_seg": 100.0, "aux.loss_ce": 0.016057286295108497, "aux.acc_seg": 100.0, "time": 0.3284744739532471, "step": 200}
{"lr": 0.009966692226882018, "data_time": 0.010620903968811036, "loss": 0.04288938962854445, "decode.loss_ce": 0.031006268016062676, "decode.acc_seg": 99.41463470458984, "aux.loss_ce": 0.011883121449500322, "aux.acc_seg": 99.41463470458984, "time": 0.3297595500946045, "step": 300}
{"lr": 0.009955549717031104, "data_time": 0.01016378402709961, "loss": 0.043405777448788284, "decode.loss_ce": 0.03042285516858101, "decode.acc_seg": 97.72567749023438, "aux.loss_ce": 0.012982921884395182, "aux.acc_seg": 96.15154266357422, "time": 0.32857141494750974, "step": 400}
{"aAcc": 98.75, "mIoU": 61.76, "mAcc": 62.57, "step": 400}
{"lr": 0.009944405807279068, "data_time": 0.010249781608581542, "loss": 0.04694071775302291, "decode.loss_ce": 0.031100855115801095, "decode.acc_seg": 99.60301971435547, "aux.loss_ce": 0.01583986177574843, "aux.acc_seg": 98.17752838134766, "time": 0.3293842077255249, "step": 500}
{"lr": 0.009933260495688814, "data_time": 0.010081768035888672, "loss": 0.026527650421485305, "decode.loss_ce": 0.01793323571328074, "decode.acc_seg": 95.65655517578125, "aux.loss_ce": 0.00859441424254328, "aux.acc_seg": 93.21722412109375, "time": 0.32884352207183837, "step": 600}
{"lr": 0.00992211378031814, "data_time": 0.01085813045501709, "loss": 0.03219665922224522, "decode.loss_ce": 0.02166156144812703, "decode.acc_seg": 99.50686645507812, "aux.loss_ce": 0.010535098100081085, "aux.acc_seg": 97.51351165771484, "time": 0.33038179874420165, "step": 700}
{"lr": 0.009910965659219699, "data_time": 0.010617637634277343, "loss": 0.048469939199276266, "decode.loss_ce": 0.031308682169765234, "decode.acc_seg": 98.40087127685547, "aux.loss_ce": 0.017161257145926357, "aux.acc_seg": 97.12065124511719, "time": 0.33136186599731443, "step": 800}
{"aAcc": 98.61, "mIoU": 70.76, "mAcc": 81.43, "step": 800}
