{"lr": 0.009955549717031104, "data_time": 0.010241150856018066, "loss": 1.5213163435459136, "decode.loss_ce": 1.0797285079956054, "decode.acc_seg": 65.17676544189453, "aux.loss_ce": 0.44158782809972763, "aux.acc_seg": 67.9002456665039, "time": 0.33989503383636477, "step": 400}
{"lr": 0.009910965659219699, "data_time": 0.009460520744323731, "loss": 1.442829155921936, "decode.loss_ce": 1.0157528638839721, "decode.acc_seg": 78.4122314453125, "aux.loss_ce": 0.4270762920379639, "aux.acc_seg": 71.45004272460938, "time": 0.33913819789886473, "step": 800}
{"aAcc": 72.3, "mIoU": 6.92, "mAcc": 11.78, "step": 800}
{"lr": 0.009866359078419701, "data_time": 0.009722208976745606, "loss": 1.1621586084365845, "decode.loss_ce": 0.8009013354778289, "decode.acc_seg": 75.18138122558594, "aux.loss_ce": 0.3612572640180588, "aux.acc_seg": 70.59563446044922, "time": 0.33928670883178713, "step": 1200}
{"lr": 0.009821729848835233, "data_time": 0.010626697540283203, "loss": 1.1205259919166566, "decode.loss_ce": 0.7723874270915985, "decode.acc_seg": 63.07053756713867, "aux.loss_ce": 0.3481385663151741, "aux.acc_seg": 65.4664077758789, "time": 0.3417575120925903, "step": 1600}
{"aAcc": 76.42, "mIoU": 13.41, "mAcc": 21.24, "step": 1600}
{"lr": 0.00977707784332223, "data_time": 0.010096025466918946, "loss": 1.2240222692489624, "decode.loss_ce": 0.8293106913566589, "decode.acc_seg": 64.4455337524414, "aux.loss_ce": 0.3947115659713745, "aux.acc_seg": 69.95377349853516, "time": 0.3412870645523071, "step": 2000}
{"lr": 0.009732402933367005, "data_time": 0.009506988525390624, "loss": 1.0900429666042328, "decode.loss_ce": 0.7220024287700653, "decode.acc_seg": 68.25201416015625, "aux.loss_ce": 0.3680405169725418, "aux.acc_seg": 65.40206146240234, "time": 0.34000272750854493, "step": 2400}
{"aAcc": 75.69, "mIoU": 19.47, "mAcc": 28.47, "step": 2400}
